"","FIPS Code","State and area","Year","Month","Civilian non-institutional population","Total Labor Force","Percent of population...7","Total Labor force","Percent of population...9","Total Unemployment","Unemployment Rate"
"1","01","Alabama","2020","01",3871113,2247721,58.1,2186652,56.5,61069,2.7
"2","02","Alaska","2020","01",544147,346278,63.6,325347,59.8,20931,6
"3","04","Arizona","2020","01",5777677,3604805,62.4,3442732,59.6,162073,4.5
"4","05","Arkansas","2020","01",2348957,1366308,58.2,1318240,56.1,48068,3.5
"5","06","California","2020","01",31176732,19509644,62.6,18756375,60.2,753269,3.9
"6","037","Los Angeles County","2020","01",8060151,5166636,64.1,4945318,61.4,221318,4.3
"7","08","Colorado","2020","01",4585337,3180821,69.4,3101414,67.6,79407,2.5
"8","09","Connecticut","2020","01",2885511,1929340,66.9,1857116,64.4,72224,3.7
"9","10","Delaware","2020","01",783263,488917,62.4,469519,59.9,19398,4
"10","11","District of Columbia","2020","01",579170,413042,71.3,391465,67.6,21577,5.2
"11","12","Florida","2020","01",17546441,10440312,59.5,10148929,57.8,291383,2.8
"12","13","Georgia","2020","01",8253244,5147616,62.4,4988005,60.4,159611,3.1
"13","15","Hawaii","2020","01",1090466,668169,61.3,650377,59.6,17792,2.7
"14","16","Idaho","2020","01",1386678,890069,64.2,865321,62.4,24748,2.8
"15","17","Illinois","2020","01",9991645,6417226,64.2,6189437,61.9,227789,3.5
"16","18","Indiana","2020","01",5267251,3392922,64.4,3286146,62.4,106776,3.1
"17","19","Iowa","2020","01",2472780,1754704,71,1704978,68.9,49726,2.8
"18","20","Kansas","2020","01",2233129,1493934,66.9,1447063,64.8,46871,3.1
"19","21","Kentucky","2020","01",3499012,2084752,59.6,1994520,57,90232,4.3
"20","22","Louisiana","2020","01",3575222,2107207,58.9,1995892,55.8,111315,5.3
"21","23","Maine","2020","01",1113662,694174,62.3,672966,60.4,21208,3.1
"22","24","Maryland","2020","01",4768645,3276524,68.7,3167463,66.4,109061,3.3
"23","25","Massachusetts","2020","01",5647532,3836148,67.9,3729899,66,106249,2.8
"24","26","Michigan","2020","01",8003316,4946724,61.8,4759515,59.5,187209,3.8
"25","27","Minnesota","2020","01",4442842,3122744,70.3,3023966,68.1,98778,3.2
"26","28","Mississippi","2020","01",2289087,1279329,55.9,1209534,52.8,69795,5.5
"27","29","Missouri","2020","01",4822794,3111534,64.5,3001253,62.2,110281,3.5
"28","30","Montana","2020","01",854870,536520,62.8,517842,60.6,18678,3.5
"29","31","Nebraska","2020","01",1486126,1040313,70,1009700,67.9,30613,2.9
"30","32","Nevada","2020","01",2451444,1555270,63.4,1498971,61.1,56299,3.6
"31","33","New Hampshire","2020","01",1125658,778202,69.1,758262,67.4,19940,2.6
"32","34","New Jersey","2020","01",7076496,4551684,64.3,4379423,61.9,172261,3.8
"33","35","New Mexico","2020","01",1645105,961100,58.4,915430,55.6,45670,4.8
"34","36","New York","2020","01",15637099,9542921,61,9178410,58.7,364511,3.8
"35","51000","New York city","2020","01",6714001,4054605,60.4,3911937,58.3,142668,3.5
"36","37","North Carolina","2020","01",8301726,5110632,61.6,4925741,59.3,184891,3.6
"37","38","North Dakota","2020","01",584185,404282,69.2,394947,67.6,9335,2.3
"38","39","Ohio","2020","01",9251398,5818790,62.9,5580352,60.3,238438,4.1
"39","40","Oklahoma","2020","01",3039935,1845422,60.7,1784815,58.7,60607,3.3
"40","41","Oregon","2020","01",3429482,2104158,61.4,2034344,59.3,69814,3.3
"41","42","Pennsylvania","2020","01",10286669,6549144,63.7,6242115,60.7,307029,4.7
"42","44","Rhode Island","2020","01",865428,557583,64.4,538637,62.2,18946,3.4
"43","45","South Carolina","2020","01",4096955,2387096,58.3,2330497,56.9,56599,2.4
"44","46","South Dakota","2020","01",675598,466500,69,450689,66.7,15811,3.4
"45","47","Tennessee","2020","01",5410974,3367254,62.2,3255324,60.2,111930,3.3
"46","48","Texas","2020","01",22128099,14180789,64.1,13686397,61.9,494392,3.5
"47","49","Utah","2020","01",2380180,1626802,68.3,1586763,66.7,40039,2.5
"48","50","Vermont","2020","01",518745,340538,65.6,332233,64,8305,2.4
"49","51","Virginia","2020","01",6693201,4453928,66.5,4335613,64.8,118315,2.7
"50","53","Washington","2020","01",6066011,3955240,65.2,3799772,62.6,155468,3.9
"51","54","West Virginia","2020","01",1443225,804830,55.8,764293,53,40537,5
"52","55","Wisconsin","2020","01",4646243,3110114,66.9,3000511,64.6,109603,3.5
"53","56","Wyoming","2020","01",451023,293281,65,282542,62.6,10739,3.7
"54","01","Alabama","2020","02",3872006,2243960,58,2184305,56.4,59655,2.7
"55","02","Alaska","2020","02",543956,345418,63.5,325323,59.8,20095,5.8
"56","04","Arizona","2020","02",5786902,3613043,62.4,3451805,59.6,161238,4.5
"57","05","Arkansas","2020","02",2349523,1367709,58.2,1319907,56.2,47802,3.5
"58","06","California","2020","02",31184208,19516042,62.6,18756714,60.1,759328,3.9
"59","037","Los Angeles County","2020","02",8058853,5179356,64.3,4955264,61.5,224092,4.3
"60","08","Colorado","2020","02",4591039,3186341,69.4,3106077,67.7,80264,2.5
"61","09","Connecticut","2020","02",2885425,1930453,66.9,1857872,64.4,72581,3.8
"62","10","Delaware","2020","02",783873,489276,62.4,470043,60,19233,3.9
"63","11","District of Columbia","2020","02",579359,414353,71.5,393016,67.8,21337,5.1
"64","12","Florida","2020","02",17565619,10455399,59.5,10164675,57.9,290724,2.8
"65","13","Georgia","2020","02",8261179,5156347,62.4,4995200,60.5,161147,3.1
"66","15","Hawaii","2020","02",1090210,669072,61.4,651215,59.7,17857,2.7
"67","16","Idaho","2020","02",1389423,891661,64.2,867822,62.5,23839,2.7
"68","17","Illinois","2020","02",9988984,6398665,64.1,6179880,61.9,218785,3.4
"69","18","Indiana","2020","02",5269797,3396229,64.4,3291040,62.5,105189,3.1
"70","19","Iowa","2020","02",2473213,1752621,70.9,1703351,68.9,49270,2.8
"71","20","Kansas","2020","02",2233436,1496525,67,1449736,64.9,46789,3.1
"72","21","Kentucky","2020","02",3499368,2084089,59.6,1995951,57,88138,4.2
"73","22","Louisiana","2020","02",3574497,2109980,59,2000126,56,109854,5.2
"74","23","Maine","2020","02",1114001,695029,62.4,672993,60.4,22036,3.2
"75","24","Maryland","2020","02",4769241,3280277,68.8,3172883,66.5,107394,3.3
"76","25","Massachusetts","2020","02",5648931,3834827,67.9,3728255,66,106572,2.8
"77","26","Michigan","2020","02",8003857,4950186,61.8,4769868,59.6,180318,3.6
"78","27","Minnesota","2020","02",4445229,3121329,70.2,3025204,68.1,96125,3.1
"79","28","Mississippi","2020","02",2289040,1276458,55.8,1207994,52.8,68464,5.4
"80","29","Missouri","2020","02",4823919,3111767,64.5,3002151,62.2,109616,3.5
"81","30","Montana","2020","02",855453,537336,62.8,518642,60.6,18694,3.5
"82","31","Nebraska","2020","02",1486762,1042449,70.1,1012433,68.1,30016,2.9
"83","32","Nevada","2020","02",2455309,1559544,63.5,1503339,61.2,56205,3.6
"84","33","New Hampshire","2020","02",1126189,779532,69.2,759597,67.4,19935,2.6
"85","34","New Jersey","2020","02",7076536,4564128,64.5,4390255,62,173873,3.8
"86","35","New Mexico","2020","02",1645714,961807,58.4,915799,55.6,46008,4.8
"87","36","New York","2020","02",15632375,9551655,61.1,9197589,58.8,354066,3.7
"88","51000","New York city","2020","02",6710823,4051665,60.4,3914274,58.3,137391,3.4
"89","37","North Carolina","2020","02",8309746,5114662,61.6,4932056,59.4,182606,3.6
"90","38","North Dakota","2020","02",584409,404488,69.2,395451,67.7,9037,2.2
"91","39","Ohio","2020","02",9252155,5829126,63,5588285,60.4,240841,4.1
"92","40","Oklahoma","2020","02",3041244,1844257,60.6,1785827,58.7,58430,3.2
"93","41","Oregon","2020","02",3432266,2105508,61.3,2036466,59.3,69042,3.3
"94","42","Pennsylvania","2020","02",10286870,6558419,63.8,6249391,60.8,309028,4.7
"95","44","Rhode Island","2020","02",865581,558531,64.5,539751,62.4,18780,3.4
"96","45","South Carolina","2020","02",4101740,2391855,58.3,2333224,56.9,58631,2.5
"97","46","South Dakota","2020","02",676034,467108,69.1,451498,66.8,15610,3.3
"98","47","Tennessee","2020","02",5415163,3365849,62.2,3251528,60,114321,3.4
"99","48","Texas","2020","02",22155850,14199564,64.1,13707110,61.9,492454,3.5
"100","49","Utah","2020","02",2384444,1630650,68.4,1590199,66.7,40451,2.5
"101","50","Vermont","2020","02",518742,340142,65.6,331947,64,8195,2.4
"102","51","Virginia","2020","02",6695785,4462573,66.6,4345324,64.9,117249,2.6
"103","53","Washington","2020","02",6072437,3962518,65.3,3810985,62.8,151533,3.8
"104","54","West Virginia","2020","02",1442405,806570,55.9,766827,53.2,39743,4.9
"105","55","Wisconsin","2020","02",4647678,3108814,66.9,2999939,64.5,108875,3.5
"106","56","Wyoming","2020","02",451163,294176,65.2,283296,62.8,10880,3.7
"107","01","Alabama","2020","03",3873022,2218590,57.3,2151586,55.6,67004,3
"108","02","Alaska","2020","03",543829,344266,63.3,326251,60,18015,5.2
"109","04","Arizona","2020","03",5796108,3578637,61.7,3359486,58,219151,6.1
"110","05","Arkansas","2020","03",2350195,1386469,59,1316741,56,69728,5
"111","06","California","2020","03",31191183,19167967,61.5,18115804,58.1,1052163,5.5
"112","037","Los Angeles County","2020","03",8057869,4982454,61.8,4646240,57.7,336214,6.7
"113","08","Colorado","2020","03",4596790,3136533,68.2,2972506,64.7,164027,5.2
"114","09","Connecticut","2020","03",2885395,1930836,66.9,1865216,64.6,65620,3.4
"115","10","Delaware","2020","03",784534,477377,60.8,453613,57.8,23764,5
"116","11","District of Columbia","2020","03",579573,420505,72.6,395074,68.2,25431,6
"117","12","Florida","2020","03",17584836,10331185,58.8,9873877,56.1,457308,4.4
"118","13","Georgia","2020","03",8269251,5156973,62.4,4917754,59.5,239219,4.6
"119","15","Hawaii","2020","03",1089912,665727,61.1,649770,59.6,15957,2.4
"120","16","Idaho","2020","03",1392217,894632,64.3,872658,62.7,21974,2.5
"121","17","Illinois","2020","03",9986511,6294250,63,6030123,60.4,264127,4.2
"122","18","Indiana","2020","03",5272532,3277678,62.2,3177786,60.3,99892,3
"123","19","Iowa","2020","03",2473740,1722018,69.6,1665444,67.3,56574,3.3
"124","20","Kansas","2020","03",2233807,1508551,67.5,1465907,65.6,42644,2.8
"125","21","Kentucky","2020","03",3499821,2066275,59,1958322,56,107953,5.2
"126","22","Louisiana","2020","03",3573843,2126568,59.5,1984927,55.5,141641,6.7
"127","23","Maine","2020","03",1114409,695329,62.4,674282,60.5,21047,3
"128","24","Maryland","2020","03",4769850,3284708,68.9,3175393,66.6,109315,3.3
"129","25","Massachusetts","2020","03",5650426,3771967,66.8,3665047,64.9,106920,2.8
"130","26","Michigan","2020","03",8004636,4902508,61.2,4693677,58.6,208831,4.3
"131","27","Minnesota","2020","03",4447716,3094328,69.6,3005502,67.6,88826,2.9
"132","28","Mississippi","2020","03",2289026,1267089,55.4,1202803,52.5,64286,5.1
"133","29","Missouri","2020","03",4825175,3145755,65.2,3024168,62.7,121587,3.9
"134","30","Montana","2020","03",856099,538777,62.9,519559,60.7,19218,3.6
"135","31","Nebraska","2020","03",1487444,1062553,71.4,1019925,68.6,42628,4
"136","32","Nevada","2020","03",2459170,1566217,63.7,1458457,59.3,107760,6.9
"137","33","New Hampshire","2020","03",1126818,766087,68,747979,66.4,18108,2.4
"138","34","New Jersey","2020","03",7076630,4588196,64.8,4419828,62.5,168368,3.7
"139","35","New Mexico","2020","03",1646275,968682,58.8,907628,55.1,61054,6.3
"140","36","New York","2020","03",15627771,9411433,60.2,9022695,57.7,388738,4.1
"141","51000","New York city","2020","03",6707904,3944212,58.8,3783906,56.4,160306,4.1
"142","37","North Carolina","2020","03",8317909,4971240,59.8,4755540,57.2,215700,4.3
"143","38","North Dakota","2020","03",584636,405729,69.4,397604,68,8125,2
"144","39","Ohio","2020","03",9253143,5776221,62.4,5441767,58.8,334454,5.8
"145","40","Oklahoma","2020","03",3042589,1829828,60.1,1776101,58.4,53727,2.9
"146","41","Oregon","2020","03",3435140,2110900,61.5,2038010,59.3,72890,3.5
"147","42","Pennsylvania","2020","03",10287351,6542916,63.6,6163426,59.9,379490,5.8
"148","44","Rhode Island","2020","03",865746,565163,65.3,538703,62.2,26460,4.7
"149","45","South Carolina","2020","03",4106624,2405171,58.6,2328802,56.7,76369,3.2
"150","46","South Dakota","2020","03",676481,468175,69.2,453878,67.1,14297,3.1
"151","47","Tennessee","2020","03",5419586,3375134,62.3,3262392,60.2,112742,3.3
"152","48","Texas","2020","03",22183325,14004479,63.1,13288652,59.9,715827,5.1
"153","49","Utah","2020","03",2388768,1625383,68,1562935,65.4,62448,3.8
"154","50","Vermont","2020","03",518762,340607,65.7,330084,63.6,10523,3.1
"155","51","Virginia","2020","03",6698449,4439350,66.3,4294056,64.1,145294,3.3
"156","53","Washington","2020","03",6078899,3890678,64,3692118,60.7,198560,5.1
"157","54","West Virginia","2020","03",1441638,823300,57.1,773588,53.7,49712,6
"158","55","Wisconsin","2020","03",4649248,3088813,66.4,2992488,64.4,96325,3.1
"159","56","Wyoming","2020","03",451333,295500,65.5,284302,63,11198,3.8
"160","01","Alabama","2020","04",3874113,2198485,56.7,1895950,48.9,302535,13.8
"161","02","Alaska","2020","04",543706,339224,62.4,293448,54,45776,13.5
"162","04","Arizona","2020","04",5805614,3543717,61,3069951,52.9,473766,13.4
"163","05","Arkansas","2020","04",2350845,1309681,55.7,1168783,49.7,140898,10.8
"164","06","California","2020","04",31199815,18582743,59.6,15539409,49.8,3043334,16.4
"165","037","Los Angeles County","2020","04",8057130,4753124,59,3763979,46.7,989145,20.8
"166","08","Colorado","2020","04",4602669,3054771,66.4,2681128,58.3,373643,12.2
"167","09","Connecticut","2020","04",2885469,1776603,61.6,1629265,56.5,147338,8.3
"168","10","Delaware","2020","04",785198,463508,59,394223,50.2,69285,14.9
"169","11","District of Columbia","2020","04",579808,402453,69.4,355455,61.3,46998,11.7
"170","12","Florida","2020","04",17604748,9472243,53.8,8166411,46.4,1305832,13.8
"171","13","Georgia","2020","04",8277576,4894396,59.1,4279924,51.7,614472,12.6
"172","15","Hawaii","2020","04",1089677,633724,58.2,482814,44.3,150910,23.8
"173","16","Idaho","2020","04",1395019,885844,63.5,781553,56,104291,11.8
"174","17","Illinois","2020","04",9984347,6123362,61.3,5072987,50.8,1050375,17.2
"175","18","Indiana","2020","04",5275370,3226630,61.2,2660808,50.4,565822,17.5
"176","19","Iowa","2020","04",2474268,1712643,69.2,1524636,61.6,188007,11
"177","20","Kansas","2020","04",2234239,1503506,67.3,1324012,59.3,179494,11.9
"178","21","Kentucky","2020","04",3500355,2052263,58.6,1712526,48.9,339737,16.6
"179","22","Louisiana","2020","04",3573319,1931888,54.1,1640602,45.9,291286,15.1
"180","23","Maine","2020","04",1114828,658950,59.1,590147,52.9,68803,10.4
"181","24","Maryland","2020","04",4770644,3112390,65.2,2796592,58.6,315798,10.1
"182","25","Massachusetts","2020","04",5652023,3406875,60.3,2853941,50.5,552934,16.2
"183","26","Michigan","2020","04",8005544,4591520,57.4,3489020,43.6,1102500,24
"184","27","Minnesota","2020","04",4450310,3066464,68.9,2799493,62.9,266971,8.7
"185","28","Mississippi","2020","04",2289114,1197893,52.3,1002464,43.8,195429,16.3
"186","29","Missouri","2020","04",4826536,3029038,62.8,2720544,56.4,308494,10.2
"187","30","Montana","2020","04",856707,520588,60.8,458407,53.5,62181,11.9
"188","31","Nebraska","2020","04",1488137,1059547,71.2,966909,65,92638,8.7
"189","32","Nevada","2020","04",2463149,1429095,58,999349,40.6,429746,30.1
"190","33","New Hampshire","2020","04",1127437,719443,63.8,596312,52.9,123131,17.1
"191","34","New Jersey","2020","04",7076960,4483327,63.4,3751422,53,731905,16.3
"192","35","New Mexico","2020","04",1646951,916510,55.6,807804,49,108706,11.9
"193","36","New York","2020","04",15623741,9084012,58.1,7691738,49.2,1392274,15.3
"194","51000","New York city","2020","04",6705265,3738815,55.8,3178742,47.4,560073,15
"195","37","North Carolina","2020","04",8326288,4687926,56.3,4082234,49,605692,12.9
"196","38","North Dakota","2020","04",584895,406657,69.5,369752,63.2,36905,9.1
"197","39","Ohio","2020","04",9254312,5672068,61.3,4672850,50.5,999218,17.6
"198","40","Oklahoma","2020","04",3044014,1776346,58.4,1515047,49.8,261299,14.7
"199","41","Oregon","2020","04",3438068,2110693,61.4,1796681,52.3,314012,14.9
"200","42","Pennsylvania","2020","04",10287996,6447477,62.7,5410390,52.6,1037087,16.1
"201","44","Rhode Island","2020","04",865904,529069,61.1,433290,50,95779,18.1
"202","45","South Carolina","2020","04",4111594,2376830,57.8,2073470,50.4,303360,12.8
"203","46","South Dakota","2020","04",676938,470300,69.5,419024,61.9,51276,10.9
"204","47","Tennessee","2020","04",5424092,3222468,59.4,2722847,50.2,499621,15.5
"205","48","Texas","2020","04",22211923,12960683,58.4,11216661,50.5,1744022,13.5
"206","49","Utah","2020","04",2393158,1600601,66.9,1434307,59.9,166294,10.4
"207","50","Vermont","2020","04",518775,350944,67.6,293039,56.5,57905,16.5
"208","51","Virginia","2020","04",6701297,4314050,64.4,3831939,57.2,482111,11.2
"209","53","Washington","2020","04",6085603,3963317,65.1,3318207,54.5,645110,16.3
"210","54","West Virginia","2020","04",1440876,776722,53.9,652883,45.3,123839,15.9
"211","55","Wisconsin","2020","04",4650918,3048647,65.5,2633090,56.6,415557,13.6
"212","56","Wyoming","2020","04",451461,296644,65.7,268301,59.4,28343,9.6
"213","01","Alabama","2020","05",3875399,2246087,58,2024276,52.2,221811,9.9
"214","02","Alaska","2020","05",543604,333087,61.3,291045,53.5,42042,12.6
"215","04","Arizona","2020","05",5815316,3546512,61,3230076,55.5,316436,8.9
"216","05","Arkansas","2020","05",2351730,1343396,57.1,1215161,51.7,128235,9.5
"217","06","California","2020","05",31209071,18496968,59.3,15478744,49.6,3018224,16.3
"218","037","Los Angeles County","2020","05",8056110,4729307,58.7,3740115,46.4,989192,20.9
"219","08","Colorado","2020","05",4608794,3063170,66.5,2750744,59.7,312426,10.2
"220","09","Connecticut","2020","05",2885635,1770552,61.4,1604214,55.6,166338,9.4
"221","10","Delaware","2020","05",785886,472491,60.1,397653,50.6,74838,15.8
"222","11","District of Columbia","2020","05",580048,387528,66.8,353225,60.9,34303,8.9
"223","12","Florida","2020","05",17625485,9709127,55.1,8296757,47.1,1412370,14.5
"224","13","Georgia","2020","05",8286197,4900139,59.1,4424801,53.4,475338,9.7
"225","15","Hawaii","2020","05",1089503,633873,58.2,490701,45,143172,22.6
"226","16","Idaho","2020","05",1397920,883658,63.2,804643,57.6,79015,8.9
"227","17","Illinois","2020","05",9982623,6286823,63,5331699,53.4,955124,15.2
"228","18","Indiana","2020","05",5278539,3337410,63.2,2928491,55.5,408919,12.3
"229","19","Iowa","2020","05",2475029,1688110,68.2,1520029,61.4,168081,10
"230","20","Kansas","2020","05",2234810,1505260,67.4,1354699,60.6,150561,10
"231","21","Kentucky","2020","05",3501138,2030556,58,1807888,51.6,222668,11
"232","22","Louisiana","2020","05",3572910,2046501,57.3,1773301,49.6,273200,13.3
"233","23","Maine","2020","05",1115335,665288,59.6,603185,54.1,62103,9.3
"234","24","Maryland","2020","05",4771597,3112630,65.2,2804242,58.8,308388,9.9
"235","25","Massachusetts","2020","05",5654008,3530068,62.4,2953936,52.2,576132,16.3
"236","26","Michigan","2020","05",8006949,4751268,59.3,3744848,46.8,1006420,21.2
"237","27","Minnesota","2020","05",4453241,3067999,68.9,2765258,62.1,302741,9.9
"238","28","Mississippi","2020","05",2289318,1209240,52.8,1080750,47.2,128490,10.6
"239","29","Missouri","2020","05",4828209,3012321,62.4,2709062,56.1,303259,10.1
"240","30","Montana","2020","05",857406,522054,60.9,475188,55.4,46866,9
"241","31","Nebraska","2020","05",1488931,1053208,70.7,998329,67.1,54879,5.2
"242","32","Nevada","2020","05",2467207,1384734,56.1,1033912,41.9,350822,25.3
"243","33","New Hampshire","2020","05",1128144,726223,64.4,620634,55,105589,14.5
"244","34","New Jersey","2020","05",7077648,4522069,63.9,3833148,54.2,688921,15.2
"245","35","New Mexico","2020","05",1647658,905039,54.9,821900,49.9,83139,9.2
"246","36","New York","2020","05",15620246,9089667,58.2,7773672,49.8,1315995,14.5
"247","51000","New York city","2020","05",6702382,3670470,54.8,2999166,44.7,671304,18.3
"248","37","North Carolina","2020","05",8335054,4822101,57.9,4200388,50.4,621713,12.9
"249","38","North Dakota","2020","05",585162,402221,68.7,365803,62.5,36418,9.1
"250","39","Ohio","2020","05",9256050,5743971,62.1,4955633,53.5,788338,13.7
"251","40","Oklahoma","2020","05",3045625,1820958,59.8,1591919,52.3,229039,12.6
"252","41","Oregon","2020","05",3441247,2119844,61.6,1819175,52.9,300669,14.2
"253","42","Pennsylvania","2020","05",10289312,6470350,62.9,5621308,54.6,849042,13.1
"254","44","Rhode Island","2020","05",866130,522179,60.3,437273,50.5,84906,16.3
"255","45","South Carolina","2020","05",4116754,2421793,58.8,2118575,51.5,303218,12.5
"256","46","South Dakota","2020","05",677441,464428,68.6,420610,62.1,43818,9.4
"257","47","Tennessee","2020","05",5428919,3301431,60.8,2926796,53.9,374635,11.3
"258","48","Texas","2020","05",22241137,13497756,60.7,11744642,52.8,1753114,13
"259","49","Utah","2020","05",2397700,1610853,67.2,1473599,61.5,137254,8.5
"260","50","Vermont","2020","05",518823,343199,66.1,299455,57.7,43744,12.7
"261","51","Virginia","2020","05",6704463,4319833,64.4,3915866,58.4,403967,9.4
"262","53","Washington","2020","05",6092596,3943501,64.7,3349159,55,594342,15.1
"263","54","West Virginia","2020","05",1440267,779609,54.1,679169,47.2,100440,12.9
"264","55","Wisconsin","2020","05",4652926,3096754,66.6,2724920,58.6,371834,12
"265","56","Wyoming","2020","05",451636,294598,65.2,268681,59.5,25917,8.8
"266","01","Alabama","2020","06",3876806,2195843,56.6,2030073,52.4,165770,7.5
"267","02","Alaska","2020","06",543519,343356,63.2,300818,55.3,42538,12.4
"268","04","Arizona","2020","06",5825181,3496928,60,3147626,54,349302,10
"269","05","Arkansas","2020","06",2352621,1312290,55.8,1206952,51.3,105338,8
"270","06","California","2020","06",31219170,18948023,60.7,16116992,51.6,2831031,14.9
"271","037","Los Angeles County","2020","06",8055133,4936546,61.3,3980971,49.4,955575,19.4
"272","08","Colorado","2020","06",4615047,3169276,68.7,2835529,61.4,333747,10.5
"273","09","Connecticut","2020","06",2885941,1869771,64.8,1686566,58.4,183205,9.8
"274","10","Delaware","2020","06",786638,487859,62,426815,54.3,61044,12.5
"275","11","District of Columbia","2020","06",580278,394949,68.1,361033,62.2,33916,8.6
"276","12","Florida","2020","06",17646713,9769991,55.4,8749302,49.6,1020689,10.4
"277","13","Georgia","2020","06",8295007,4923646,59.4,4550242,54.9,373404,7.6
"278","15","Hawaii","2020","06",1089320,612805,56.3,527604,48.4,85201,13.9
"279","16","Idaho","2020","06",1400916,892165,63.7,841898,60.1,50267,5.6
"280","17","Illinois","2020","06",9981183,6487911,65,5541540,55.5,946371,14.6
"281","18","Indiana","2020","06",5281828,3393789,64.3,3013122,57,380667,11.2
"282","19","Iowa","2020","06",2475809,1639426,66.2,1508262,60.9,131164,8
"283","20","Kansas","2020","06",2235431,1480512,66.2,1369711,61.3,110801,7.5
"284","21","Kentucky","2020","06",3502003,1920269,54.8,1837555,52.5,82714,4.3
"285","22","Louisiana","2020","06",3572621,1997072,55.9,1804168,50.5,192904,9.7
"286","23","Maine","2020","06",1115875,667986,59.9,623926,55.9,44060,6.6
"287","24","Maryland","2020","06",4772693,3202709,67.1,2944947,61.7,257762,8
"288","25","Massachusetts","2020","06",5656083,3671688,64.9,3033620,53.6,638068,17.4
"289","26","Michigan","2020","06",8008545,4946025,61.8,4213987,52.6,732038,14.8
"290","27","Minnesota","2020","06",4456299,3116326,69.9,2848800,63.9,267526,8.6
"291","28","Mississippi","2020","06",2289533,1193548,52.1,1089875,47.6,103673,8.7
"292","29","Missouri","2020","06",4830042,3019868,62.5,2782219,57.6,237649,7.9
"293","30","Montana","2020","06",858135,535648,62.4,497584,58,38064,7.1
"294","31","Nebraska","2020","06",1489812,1057140,71,986494,66.2,70646,6.7
"295","32","Nevada","2020","06",2471346,1498372,60.6,1273699,51.5,224673,15
"296","33","New Hampshire","2020","06",1128892,744836,66,656575,58.2,88261,11.8
"297","34","New Jersey","2020","06",7078468,4525984,63.9,3774660,53.3,751324,16.6
"298","35","New Mexico","2020","06",1648437,922475,56,845508,51.3,76967,8.3
"299","36","New York","2020","06",15617170,9388334,60.1,7915715,50.7,1472619,15.7
"300","51000","New York city","2020","06",6699493,3986839,59.5,3175421,47.4,811418,20.4
"301","37","North Carolina","2020","06",8344059,4791686,57.4,4428221,53.1,363465,7.6
"302","38","North Dakota","2020","06",585479,398730,68.1,374388,63.9,24342,6.1
"303","39","Ohio","2020","06",9258049,5793969,62.6,5162543,55.8,631426,10.9
"304","40","Oklahoma","2020","06",3047303,1765773,57.9,1649171,54.1,116602,6.6
"305","41","Oregon","2020","06",3444510,2145445,62.3,1906120,55.3,239325,11.2
"306","42","Pennsylvania","2020","06",10290958,6328368,61.5,5507111,53.5,821257,13
"307","44","Rhode Island","2020","06",866373,549836,63.5,481465,55.6,68371,12.4
"308","45","South Carolina","2020","06",4122020,2432865,59,2222144,53.9,210721,8.7
"309","46","South Dakota","2020","06",677984,468079,69,434368,64.1,33711,7.2
"310","47","Tennessee","2020","06",5433837,3168467,58.3,2861316,52.7,307151,9.7
"311","48","Texas","2020","06",22270956,13839763,62.1,12643942,56.8,1195821,8.6
"312","49","Utah","2020","06",2402333,1665575,69.3,1579898,65.8,85677,5.1
"313","50","Vermont","2020","06",518890,341468,65.8,309447,59.6,32021,9.4
"314","51","Virginia","2020","06",6707838,4322244,64.4,3957935,59,364309,8.4
"315","53","Washington","2020","06",6099782,3951035,64.8,3562587,58.4,388448,9.8
"316","54","West Virginia","2020","06",1439649,764254,53.1,684835,47.6,79419,10.4
"317","55","Wisconsin","2020","06",4655061,3056924,65.7,2796318,60.1,260606,8.5
"318","56","Wyoming","2020","06",451853,296430,65.6,273767,60.6,22663,7.6
"319","01","Alabama","2020","07",3878344,2231116,57.5,2054479,53,176637,7.9
"320","02","Alaska","2020","07",543453,340749,62.7,301087,55.4,39662,11.6
"321","04","Arizona","2020","07",5835300,3562146,61,3184839,54.6,377307,10.6
"322","05","Arkansas","2020","07",2353638,1304752,55.4,1212619,51.5,92133,7.1
"323","06","California","2020","07",31230392,18804037,60.2,16293934,52.2,2510103,13.3
"324","037","Los Angeles County","2020","07",8054109,4926437,61.2,4063799,50.5,862638,17.5
"325","08","Colorado","2020","07",4621514,3079561,66.6,2851309,61.7,228252,7.4
"326","09","Connecticut","2020","07",2886323,1895166,65.7,1702182,59,192984,10.2
"327","10","Delaware","2020","07",787366,505957,64.3,453321,57.6,52636,10.4
"328","11","District of Columbia","2020","07",580562,393111,67.7,359959,62,33152,8.4
"329","12","Florida","2020","07",17668661,9974996,56.5,8850232,50.1,1124764,11.3
"330","13","Georgia","2020","07",8304229,4989430,60.1,4611315,55.5,378115,7.6
"331","15","Hawaii","2020","07",1089214,634989,58.3,551742,50.7,83247,13.1
"332","16","Idaho","2020","07",1403906,900973,64.2,856251,61,44722,5
"333","17","Illinois","2020","07",9980184,6239245,62.5,5533660,55.4,705585,11.3
"334","18","Indiana","2020","07",5285367,3318134,62.8,3059536,57.9,258598,7.8
"335","19","Iowa","2020","07",2476740,1625172,65.6,1517895,61.3,107277,6.6
"336","20","Kansas","2020","07",2236165,1490796,66.7,1383998,61.9,106798,7.2
"337","21","Kentucky","2020","07",3503033,1861723,53.1,1755853,50.1,105870,5.7
"338","22","Louisiana","2020","07",3572500,2010006,56.3,1821958,51,188048,9.4
"339","23","Maine","2020","07",1116465,697959,62.5,629029,56.3,68930,9.9
"340","24","Maryland","2020","07",4773985,3228943,67.6,2985121,62.5,243822,7.6
"341","25","Massachusetts","2020","07",5658448,3671647,64.9,3080672,54.4,590975,16.1
"342","26","Michigan","2020","07",8010535,4816399,60.1,4398418,54.9,417981,8.7
"343","27","Minnesota","2020","07",4459514,3092542,69.3,2855710,64,236832,7.7
"344","28","Mississippi","2020","07",2289871,1231943,53.8,1099135,48,132808,10.8
"345","29","Missouri","2020","07",4832072,3073893,63.6,2862716,59.2,211177,6.9
"346","30","Montana","2020","07",858896,534933,62.3,500559,58.3,34374,6.4
"347","31","Nebraska","2020","07",1490713,1045993,70.2,995456,66.8,50537,4.8
"348","32","Nevada","2020","07",2475574,1486429,60,1277979,51.6,208450,14
"349","33","New Hampshire","2020","07",1129666,735335,65.1,676043,59.8,59292,8.1
"350","34","New Jersey","2020","07",7079588,4561972,64.4,3933181,55.6,628791,13.8
"351","35","New Mexico","2020","07",1649244,911029,55.2,795732,48.2,115297,12.7
"352","36","New York","2020","07",15614755,9584448,61.4,8056604,51.6,1527844,15.9
"353","51000","New York city","2020","07",6696574,4003632,59.8,3209506,47.9,794126,19.8
"354","37","North Carolina","2020","07",8353440,4922157,58.9,4502345,53.9,419812,8.5
"355","38","North Dakota","2020","07",585803,401128,68.5,374544,63.9,26584,6.6
"356","39","Ohio","2020","07",9260452,5656709,61.1,5154124,55.7,502585,8.9
"357","40","Oklahoma","2020","07",3049141,1805440,59.2,1677353,55,128087,7.1
"358","41","Oregon","2020","07",3447919,2059199,59.7,1845637,53.5,213562,10.4
"359","42","Pennsylvania","2020","07",10293002,6453311,62.7,5567015,54.1,886296,13.7
"360","44","Rhode Island","2020","07",866667,556776,64.2,494468,57.1,62308,11.2
"361","45","South Carolina","2020","07",4127477,2454797,59.5,2242832,54.3,211965,8.6
"362","46","South Dakota","2020","07",678540,466387,68.7,436813,64.4,29574,6.3
"363","47","Tennessee","2020","07",5439053,3144874,57.8,2844803,52.3,300071,9.5
"364","48","Texas","2020","07",22301662,13821400,62,12720317,57,1101083,8
"365","49","Utah","2020","07",2407019,1624542,67.5,1551617,64.5,72925,4.5
"366","50","Vermont","2020","07",518992,338738,65.3,310648,59.9,28090,8.3
"367","51","Virginia","2020","07",6711473,4322234,64.4,3978099,59.3,344135,8
"368","53","Washington","2020","07",6107234,3968159,65,3560137,58.3,408022,10.3
"369","54","West Virginia","2020","07",1439128,759968,52.8,684524,47.6,75444,9.9
"370","55","Wisconsin","2020","07",4657405,3022822,64.9,2811211,60.4,211611,7
"371","56","Wyoming","2020","07",452056,294918,65.2,273901,60.6,21017,7.1
